Term,es,nes,pval,fdr,geneset_size,matched_size,genes
HALLMARK_MYC_TARGETS_V1,-0.401204486459232,-1.8170977000466637,0.0,0.019907100199071003,200,197,"CNBP,STARD7,SNRPD1,PRPS2,GLO1,KARS1,EIF4E,SNRPA1,TYMS,RPL18,SNRPB2,VBP1,VDAC3,VDAC1,NCBP2,TARDBP,PRDX4,USP1,RANBP1,ODC1,TRA2B,NHP2,UBA2,RFC4,RPS6,COPS5,PRDX3,ORC2,RRP9,PSMB3,PSMD1,HDDC2,MCM6,ABCE1,NCBP1,FBL,EIF2S2,MCM5,MRPS18B,PSMA1,EPRS1,APEX1,TXNL4A,HSPD1,POLD2,TCP1,PGK1,PHB1,BUB3,LDHA,TRIM28,FAM120A,XRCC6,MCM7,MCM4,YWHAE,MCM2,CCT7,PCNA,RUVBL2,LSM2,CCT4,ILF2,PRPF31,NAP1L1,NOP16,TUFM,RACK1,PCBP1,ACP1,CAD,SNRPD2,U2AF1,RPL14,CCT5,CCT3,SF3A1,TFDP1,HNRNPU,RPS10,RSL1D1,MRPL9,IARS1,GOT2,DEK,AP3S1,HNRNPC,HNRNPR,HDAC2,EIF4H,RAN,PHB2,EEF1B2,CUL1,CANX,SSBP1,RPS5,PSMA6,PPIA,PSMD8,TOMM70,SRSF7,DHX15,XPO1,PSMC4,HNRNPD,HSP90AB1,KPNB1,PSMB2,CYC1,PABPC1,GNL3,PSMA7,EIF4A1,IMPDH2,RPS3,CTPS1,EXOSC7,NPM1,XPOT,SF3B3,CCT2,RPL6,DDX18,RPL34,PSMD7,SNRPG,KPNA2,EIF3D,NOP56,PSMD3,RPS2,RPL22,RAD23B,PSMA2,HDGF,PSMD14,YWHAQ,AIMP2,HNRNPA1,RRM1,SLC25A3,CCNA2,HNRNPA3,MAD2L1,EIF3B,SRSF3,UBE2L3,HSPE1,ETF1,RPLP0,PTGES3,SSB,SNRPD3,EIF2S1,CDK2,PSMA4,PWP1,EIF4G2,RNPS1,PABPC4,NME1,PA2G4,SERBP1,SYNCRIP,CSTF2,G3BP1,SRPK1,DDX21,PSMC6,CDK4,HNRNPA2B1,SET,SNRPA,NOLC1,POLE3,C1QBP,ERH,EIF3J,HPRT1,PPM1G,CLNS1A,CDC20,SMARCC1,LSM7,SRSF1,CDC45,CBX3,EIF1AX,SRSF2,GSPT1,COX5A,SRM,DUT,IFRD1,UBE2E1,NDUFAB1"
HALLMARK_MYC_TARGETS_V2,-0.37059857790010325,-1.4181287004409422,0.058823529411764705,0.29362972793629727,58,55,"PLK4,UNG,EXOSC5,GRWD1,TFB2M,BYSL,SORD,PES1,DCTPP1,RRP9,MCM5,HSPD1,FARSA,TMEM97,PPAN,PHB1,IPO4,SUPV3L1,SLC19A1,RCL1,PUS1,MCM4,RABEPK,NOP16,TBRG4,LAS1L,RRP12,NOC4L,PRMT3,MYBBP1A,UTP20,WDR74,GNL3,MRTO4,NPM1,DDX18,NOP56,NDUFAF4,AIMP2,TCOF1,WDR43,HSPE1,IMP4,NOP2,HK2,NIP7,PA2G4,CDK4,MPHOSPH10,PLK1,MAP3K6,NOLC1,CBX3,SRM,PPRC1"
HALLMARK_KRAS_SIGNALING_DN,-0.41321811435817285,-1.2058069195165977,0.18181818181818182,0.384870603848706,200,25,"MYH7,TEX15,AKR1B10,ENTPD7,PDK2,ACTC1,COQ8A,CAMK1D,SYNPO,IDUA,COL2A1,CDKAL1,BARD1,PTPRJ,VPS50,GTF3C5,GAMT,MACROH2A2,SPTBN2,TGFB2,NUDT11,COPZ2,KMT2D,KRT5,KRT1"
HALLMARK_G2M_CHECKPOINT,-0.28066193866628353,-1.3130842841773396,0.0,0.40809555408095555,200,174,"H2BC12,CDKN2C,PLK4,ODF2,STIL,SNRPD1,SMAD3,EXO1,TGFB1,WRN,LBR,KIF22,POLE,ABL1,RBL1,RPS6KA5,CDK1,KMT5A,DBF4,CUL5,RAD54L,CUL4A,AURKA,NUSAP1,STAG1,LMNB1,KIF4A,PDS5B,CTCF,DDX39A,AURKB,ODC1,TRA2B,PRIM2,ARID4A,TROAP,RPA2,RAD21,KIF15,TNPO2,TOP2A,ORC5,NUP98,PAFAH1B1,MAP3K20,NUMA1,MCM6,KIF2C,TLE3,DTYMK,SMC1A,MCM5,PML,MCM3,INCENP,MYBL2,GINS2,STMN1,PRMT5,BUB3,KIF11,KIF5B,SMC2,CENPF,PRPF4B,H2AX,NDC80,UPF1,SLC7A5,MCM2,CENPE,KIF20B,MAPK14,SMC4,HUS1,DKC1,SLC7A1,TPX2,BARD1,KNL1,TFDP1,HNRNPU,CDC27,CCND1,CUL3,ATRX,CHAF1A,TACC3,PRC1,TOP1,RASAL2,EWSR1,NUP50,PURA,SLC12A2,TMPO,HSPA8,BRCA2,ESPL1,BUB1,CDC7,CCNB2,ILF3,CUL1,HMGN2,RBM14,SFPQ,XPO1,CCNT1,HNRNPD,CDC25B,YTHDC1,NASP,PTTG1,KPNB1,EZH2,SUV39H1,POLA2,UBE2C,CBX1,KPNA2,RAD23B,CHMP1A,CKS2,MARCKS,SAP30,CCNA2,SQLE,MNAT1,SRSF10,MAD2L1,H2AZ2,UBE2S,LIG3,RACGAP1,CDKN3,E2F4,FBXO5,NSD2,SYNCRIP,MKI67,HMMR,SLC38A1,TTK,G3BP1,CDK4,PLK1,HMGB3,KIF23,ORC6,NOTCH2,NOLC1,NCL,DR1,BIRC5,PBK,CDC20,SMARCC1,HMGA1,SRSF1,AMD1,CDC45,CKS1B,KATNA1,HIRA,MT2A,SRSF2,GSPT1,JPT1,BCL3,UCK2,SS18,DMD,CHEK1"
HALLMARK_ALLOGRAFT_REJECTION,-0.31868510582187076,-1.2203260136680212,0.18518518518518517,0.42800265428002654,200,67,"IFNGR1,RPL3L,IKBKB,INHBA,RPL39,MAP3K7,TGFB1,PTPN6,MTIF2,AKT1,HLA-E,FLNA,STAT1,FAS,TAP1,TRAF2,CAPG,GALNT1,EGFR,ETS1,GLMN,INHBB,UBE2D1,ABCE1,RIPK2,CSK,F2,DARS1,RPS3A,TPD52,EIF3A,AARS1,EIF5A,TAP2,MRPL3,BCAT1,NCK1,EIF4G3,ABI1,CD40,TIMP1,RARS1,RPS9,ICAM1,HLA-A,RPS19,NPM1,BCL10,CD47,EIF3D,LYN,TAPBP,BRCA1,DEGS1,NME1,GCNT1,EIF3J,B2M,TGFB2,UBE2N,BCL3,WARS1,PSMB10,TLR3,IL18,CTSS,KRT1"
HALLMARK_EPITHELIAL_MESENCHYMAL_TRANSITION,-0.3090657911492349,-1.2548768134334287,0.13793103448275862,0.437956204379562,200,96,"COL6A2,TNFAIP3,COL4A1,ADAM12,INHBA,IGFBP3,LOXL2,SDC1,EDIL3,TGFB1,LAMC1,LAMA3,WIPF1,DPYSL3,PLOD2,FSTL3,FOXC2,VIM,TFPI2,SERPINE1,PLOD1,SPP1,FLNA,DAB2,TGFBI,FAS,PLAUR,THBS1,FUCA1,COLGALT1,COL4A2,CAPG,LAMC2,CCN1,ITGB1,PMEPA1,PLOD3,GPC1,ITGB5,ITGB3,DST,VCAN,POSTN,ENO2,CAP2,P3H1,BASP1,PPIB,PVR,GLIPR1,SERPINH1,TGM2,SPARC,MYL9,CADM1,MCM7,NNMT,PFN2,TPM4,ITGA2,ITGAV,MMP14,LGALS1,TNFRSF12A,COPA,LRP1,CALD1,JUN,FBN1,TIMP1,CD59,FERMT2,FBLN1,PTX3,TPM1,FGF2,CALU,NOTCH2,IL32,QSOX1,MYLK,CD44,COL7A1,SDC4,SNTB1,ECM1,ITGA5,VCAM1,COL1A1,EMP3,FSTL1,COL1A2,TAGLN,FN1,NT5E,COL6A3"
HALLMARK_E2F_TARGETS,-0.24347825745369256,-1.1024201155646232,0.22727272727272727,0.5138520238885202,200,183,"CDKN1A,CDKN2C,MRE11,PLK4,RAD50,WEE1,NBN,UNG,HELLS,PRPS1,LBR,KIF22,POLE,DCK,CENPM,POLD3,MMS22L,RAD1,CDK1,POLE4,NUP153,CHEK2,BUB1B,CIT,ING3,AURKA,PAN2,STAG1,RPA1,PAICS,PRDX4,LMNB1,EXOSC8,TK1,USP1,KIF4A,PDS5B,CTCF,MSH2,RANBP1,DDX39A,AURKB,TRA2B,TRIP13,PRIM2,RPA2,RAD21,TOP2A,IPO7,PRKDC,TUBB,MELK,DCTPP1,SMC3,ORC2,MCM6,TUBG1,SHMT1,BRMS1L,KIF2C,SMC1A,MCM5,MCM3,MYBL2,POLD2,SMC6,SLBP,STMN1,MTHFD2,TP53,LIG1,SPC24,NUDT21,H2AX,DSCC1,PSMC3IP,RRM2,RNASEH2A,PPP1R8,UBR7,XRCC6,MCM7,MCM4,MCM2,ATAD2,PCNA,CENPE,SPAG5,ASF1B,GINS1,POLD1,SMC4,NAP1L1,HUS1,CDCA8,TBRG4,RFC3,RPA3,BARD1,RFC1,TACC3,DEK,DNMT1,PHF5A,TMPO,CSE1L,BRCA2,ESPL1,NUP107,SPC25,CCNB2,RAN,ILF3,PNN,KIF18B,CNOT9,NUP205,XPO1,HNRNPD,CDC25B,EED,NASP,PTTG1,UBE2T,EZH2,SUV39H1,POLA2,CTPS1,LYAR,TIPIN,KPNA2,GINS3,DLGAP5,NOP56,ZW10,RFC2,CKS2,LUC7L3,BRCA1,SNRPB,MAD2L1,SSRP1,NCAPD2,POP7,RAD51AP1,UBE2S,EIF2S1,RACGAP1,CDKN3,NME1,MLH1,PA2G4,SYNCRIP,MKI67,HMMR,CDK4,DIAPH3,PSIP1,PLK1,HMGB3,ORC6,NOLC1,TFRC,BIRC5,CDC20,PMS2,HMGA1,SRSF1,ASF1A,CBX5,CKS1B,GINS4,RBBP7,SRSF2,GSPT1,CDCA3,JPT1,AK2,TIMELESS,HMGB2,DUT,ANP32E,CHEK1"
HALLMARK_COAGULATION,-0.29785589205384233,-1.117100806135535,0.24324324324324326,0.5488671912029577,138,51,"C3,F3,DPP4,PLEK,TF,A2M,CSRP1,ADAM9,CPQ,TFPI2,SERPINE1,CTSV,SIRT2,LAMP2,THBS1,WDR1,GNB2,USP11,CASP9,ITGB3,RAC1,CRIP2,PREP,S100A13,PEF1,F2,SPARC,LTA4H,ITGA2,HRG,MMP14,CAPN2,GNG12,CTSB,ISCU,LRP1,FBN1,TIMP1,GSN,FGA,ANXA1,LGMN,ARF4,MSRB2,SERPINA1,MAFF,RABIF,CAPN5,FGG,FN1,PLAU"
HALLMARK_ANGIOGENESIS,-0.3421425652613872,-0.9748181033189884,0.5128205128205128,0.677746274959281,36,15,"JAG1,VTN,SPP1,VAV2,VCAN,POSTN,PTK2,LRPAP1,APP,ITGAV,TIMP1,SLCO2A1,KCNJ8,FSTL1,NRP1"
HALLMARK_IL6_JAK_STAT3_SIGNALING,0.37443363560259296,1.093149000210673,0.35,0.6834497418767083,87,29,"IFNGR1,TGFB1,A2M,STAT1,FAS,STAT2,HMOX1,ITGB3,TYK2,OSMR,STAM2,MYD88,PTPN1,STAT3,PTPN11,CBL,GRB2,BAK1,TNFRSF12A,HAX1,IL3RA,JUN,IL17RA,LTBR,PTPN2,IL6ST,IL10RB,IRF9,CD44"
HALLMARK_FATTY_ACID_METABOLISM,0.2677512641343081,1.000495584505013,0.5,0.6869116307318556,158,110,"ALDH1A1,MAOA,ENO3,CA2,ACADS,UBE2L6,UGDH,NBN,ETFDH,BCKDHB,SUCLA2,AUH,CPT2,NSDHL,HSD17B4,ACSL1,ACOT8,HMGCS1,ECHS1,ACOX1,ALDH9A1,KMT5A,GPD2,MCEE,IDH1,BLVRA,MLYCD,GRHPR,ACO2,CPT1A,HADHB,ALAD,HSD17B11,MDH1,ELOVL5,SUCLG1,ACAA2,ECH1,SERINC1,PSME1,CBR1,ME1,DECR1,ODC1,SDHA,ENO2,HIBCH,HMGCL,CRYZ,PCBD1,UROS,FASN,EHHADH,CPOX,METAP1,IDH3G,MIX23,CRAT,ALDOA,APEX1,HSD17B10,ACSL4,MDH2,MIF,LDHA,ACADVL,HSDL2,IDI1,BPHL,ALDH3A2,SUCLG2,PTPRG,ACADM,OSTC,LGALS1,PDHB,HSP90AA1,HSPH1,DLD,MGLL,DLST,IDH3B,PDHA1,ACAT2,EPHX1,HCCS,ERP29,S100A10,SDHD,UROD,ACAA1,RDH11,ECI1,SMS,FH,ADSL,IL4I1,ECI2,YWHAH,RAP1GDS1,RETSAT,NCAPH2,CBR3,PTS,HADH,HSD17B7,PRDX6,DHCR24,GCDH,GSTZ1"
HALLMARK_UV_RESPONSE_DN,0.2851497047742707,1.0022833388770331,0.4117647058823529,0.714849681141816,144,85,"IRS1,F3,ANXA4,VLDLR,RXRA,MGMT,LTBP1,SMAD3,FHL2,SYNE1,LAMC1,BCKDHB,NR3C1,NEK7,SERPINE1,MAP2K5,PRKCA,ATXN1,DAB2,RASA2,SYNJ2,CDK13,VAV2,DYRK1A,AKT3,NIPBL,IGF1R,CCN1,CAV1,CDC42BPA,LDLR,ZMIZ1,ANXA2,TFPI,RBPMS,ITGB3,TJP1,MRPS31,ATP2C1,CAP2,ADGRL2,PDLIM5,APBB2,PRDM2,PHF3,ATRN,MIOS,RND3,MAP1B,NFKB1,MAPK14,SLC7A1,ATRX,KCNMA1,DLG1,PEX14,PRKCE,MGLL,SRI,WDR37,SLC22A18,YTHDC1,RUNX1,ERBB2,SCAF8,DDAH1,MET,ADD3,SIPA1L1,ATP2B4,MTA1,PIK3CD,ABCC1,PLCB4,NOTCH2,BHLHE40,ID1,GCNT1,DMAC2L,COL1A1,ATP2B1,MT1E,NRP1,COL1A2,SDC2"
HALLMARK_ESTROGEN_RESPONSE_LATE,0.30527670359764,1.0365542307461983,0.3924050632911392,0.7209737827715357,200,83,"LLGL2,CA2,BLVRB,CA12,PLK4,TPBG,STIL,MYOF,LTF,CYP4F11,UGDH,SFN,GFUS,PTPN6,FARP1,BTG3,TFPI2,PAPSS2,GLA,LSR,MOCS2,AMFR,ARL3,NAB2,NCOR2,LAMC2,ETFB,CAV1,ELOVL5,SLC29A1,HSPB8,SORD,TOP2A,PDCD4,WFS1,DHCR7,COX6C,NXT1,ITPK1,GALE,DCXR,GINS2,FRK,JAK1,RNASEH2A,SLC7A5,FLNB,PPIF,ALDH3A2,DNAJC1,HOMER2,HSPA4L,CCND1,DLG5,KIF20A,FKBP5,SLC16A1,PKP3,PRLR,IDH2,FDFT1,METTL3,ADD3,IL6ST,ATP2B4,RABEP1,SLC1A4,SLC26A2,HPRT1,CD44,CDC20,PDZK1,FKBP4,TSPAN13,FABP5,SERPINA1,NBL1,SCARB1,NHERF1,AFF1,TST,KRT19,TPD52L1"
HALLMARK_ANDROGEN_RESPONSE,0.29538176640843145,0.9731085841398748,0.5072463768115942,0.7219662261186442,101,65,"CENPN,SRF,MAP7,SCD,DNAJB9,ANKH,APPBP2,RAB4A,SPCS3,PIAS1,AKT1,ALDH1A3,NDRG1,ADRM1,HMGCS1,PMEPA1,XRCC5,ELOVL5,ZMIZ1,LMAN1,STK39,SORD,RPS6KA3,GSR,ABCC4,ACTN1,PDLIM5,B4GALT1,GPD1L,NCOA4,SLC38A2,XRCC6,IDI1,PGM3,GNAI3,TPD52,HOMER2,ITGAV,CCND1,RRP12,LIFR,UBE2J1,FKBP5,UBE2I,UAP1,HERC3,ACSL3,CDK6,SEC24D,ZBTB10,SRP19,KRT8,AKAP12,CAMKK2,FADS1,VAPA,NGLY1,SMS,PA2G4,SLC26A2,TNFAIP8,B2M,DHCR24,DBI,KRT19"
HALLMARK_INFLAMMATORY_RESPONSE,0.34494786563921714,1.0936762792950527,0.3548387096774194,0.7308359724090061,200,60,"CDKN1A,FZD5,INHBA,F3,TPBG,GNA15,TNFSF10,HRH1,ABCA1,SERPINE1,KIF1B,ADRM1,PLAUR,TNFRSF9,AXL,RASGRP1,LDLR,PTPRE,ITGB3,RHOG,RELA,ATP2C1,OSMR,RIPK2,PVR,NMI,NFKB1,DCBLD2,GNAI3,SLC7A1,ATP2A2,EIF2AK2,MMP14,ITGB8,RAF1,SRI,SLC31A1,CD55,ABI1,CD40,TIMP1,SPHK1,ICAM1,SELENOS,LYN,TAPBP,MET,BST2,NAMPT,CD82,SCN1B,PSEN1,SLC11A2,CD70,ITGA5,ATP2B1,EMP3,TLR3,AHR,IL18"
HALLMARK_HEDGEHOG_SIGNALING,0.42781763260524774,1.0201695933474815,0.4375,0.7368261223967906,36,17,"L1CAM,VLDLR,OPHN1,TLE1,MYH9,NF1,TLE3,PML,DPYSL2,LDB1,ADGRG1,RTN1,CDK6,CELSR1,NRP2,RASA1,NRP1"
HALLMARK_ESTROGEN_RESPONSE_EARLY,0.29037328597558393,1.008041608571927,0.40298507462686567,0.7375645308229578,200,83,"ZNF185,RARA,BLVRB,MYBL1,CA12,TPBG,MYOF,INPP5F,FHL2,SFN,FARP1,SLC1A1,NADSYN1,ENDOD1,PODXL,SLC2A1,PAPSS2,GLA,AMFR,SEC14L2,ARL3,IGF1R,NCOR2,WWC1,RASGRP1,ELOVL5,INHBB,SVIL,HSPB8,CANT1,WFS1,ABLIM1,DHCR7,MED24,FASN,NXT1,ITPK1,NAV2,SH3BP5,B4GALT1,FRK,TGM2,SLC7A5,FLNB,PPIF,SNX24,STC2,AKAP1,CCND1,RRP12,MYBBP1A,FKBP5,ISG20L2,KRT18,TSKU,SLC16A1,CELSR1,FDFT1,KAZN,KRT8,ADD3,IL6ST,UGCG,ADCY9,SLC1A4,SLC26A2,BHLHE40,ELF1,CD44,PDZK1,FKBP4,KLF10,NBL1,MED13L,SLC39A6,SCARB1,TMEM164,NHERF1,AFF1,HES1,GFRA1,KRT19,TPD52L1"
HALLMARK_MTORC1_SIGNALING,-0.22807287019286698,-0.9804911412957988,0.55,0.7415394824153949,200,164,"CDKN1A,FDXR,ELOVL6,NFIL3,VLDLR,SLC7A11,NFKBIB,SCD,G6PD,UNG,GLRX,PLOD2,CORO1A,SLC2A1,GLA,ASNS,GGA2,HMGCS1,PSMG1,SLC2A3,IDH1,PNO1,PDK1,SDF2L1,HSPA9,SEC11A,AURKA,SLC6A6,USO1,GCLC,RPA1,LDLR,ELOVL5,CACYBP,PFKL,HSPA5,ME1,DDX39A,GOT1,CYB5B,HSPA4,UFM1,SORD,IMMT,GSR,COPS5,RRP9,SLC37A4,DHCR7,TUBG1,GSK3B,GBE1,P4HA1,EIF2S2,QDPR,ACLY,CTH,TCEA1,EPRS1,ALDOA,NUFIP1,TOMM40,HSPD1,SQSTM1,TMEM97,SERPINH1,ATP6V1D,PGK1,CALR,GTF2H1,MTHFD2,ACTR3,LDHA,HSP90B1,ACACA,RRM2,SLC7A5,ENO1,LTA4H,MCM4,ATP5MC1,MCM2,PITPNB,RPN1,NMT1,PSMA3,IDI1,EEF1E1,YKT6,PSMC2,ATP2A2,DHFR,PSMD12,TXNRD1,PSAT1,CCT6A,SLC1A5,TBK1,RAB1A,AK4,BCAT1,BUB1,HMBS,POLR3G,TES,M6PR,CANX,PPIA,TUBA4A,NUP205,CYP51A1,PSMC4,ACTR2,NFYC,PSMD13,GAPDH,ERO1A,GMPS,SC5D,ACSL3,MAP2K3,FADS2,PSPH,PSMD14,GPI,NAMPT,ADD3,NIBAN1,SQLE,PRDX1,HSPE1,FADS1,ETF1,LGMN,RDH11,CTSC,HK2,PSMA4,SSR1,PSME3,STIP1,SLC1A4,UCHL5,PPA1,PSMC6,PGM1,PNP,PLK1,PSMB5,BHLHE40,TFRC,ABCF2,HPRT1,PDAP1,DHCR24,FKBP2,WARS1,ARPC5L,NHERF1,IFRD1,TPI1,SHMT2,MLLT11,IFI30"
HALLMARK_HYPOXIA,0.2851368346467916,1.0379228378458247,0.36619718309859156,0.7610260624140334,200,111,"CDKN1A,NFIL3,ENO3,TNFAIP3,CA12,F3,IGFBP3,TPBG,VLDLR,GAA,IRS2,PFKP,GLRX,NR3C1,NDRG1,SLC2A1,SERPINE1,PRKCA,GALK1,P4HA2,TGFBI,PGM2,PLAUR,CHST3,SLC2A3,ATP7A,AMPD3,EGFR,PDK1,NAGK,CCN1,CAV1,GRHPR,ETS1,SLC6A6,GPC1,PDK3,ANXA2,HMOX1,TPST2,PFKL,HSPA5,MYH9,GYS1,PLIN2,FOSL2,PRDX5,HEXA,HK1,ENO2,ALDOC,EXT1,SLC37A4,STBD1,NOCT,GBE1,P4HA1,JMJD6,NDST2,ALDOA,PGK1,TGM2,CAVIN1,MIF,LDHA,ILVBL,NEDD4L,ENO1,SLC25A1,XPNPEP1,KDM3A,UGP2,STC2,TPD52,HDLBP,ERRFI1,PFKFB3,IDS,AK4,TES,NDST1,JUN,GAPDH,ERO1A,LXN,CASP6,RBPJ,AKAP12,KDELR3,GPI,SAP30,BNIP3L,HK2,ANKZF1,MAP3K1,CAVIN3,PGM1,BHLHE40,SDC4,CSRP2,KIF5A,MT2A,FOXO3,MAFF,B3GALT6,SCARB1,MT1E,TPI1,GPC4,DPYSL4,SDC2"
HALLMARK_COMPLEMENT,0.2981952595014558,1.0542223842639535,0.3188405797101449,0.7616155481324021,200,98,"RBSN,APOBEC3F,CA2,TNFAIP3,C3,F3,DPP4,PLEK,LGALS3,LTF,CASP7,CSRP1,ADAM9,CPQ,CTSD,PRCP,TFPI2,SERPINE1,DOCK9,CTSV,TIMP2,CTSL,ACTN2,PRKCD,PLAUR,LAMP2,COL4A2,CEBPB,GPD2,GNB2,SRC,SIRT6,PPP2CB,CASP10,ANXA5,GNAI2,RCE1,GNB4,RASGRP1,USP16,PDP1,CASP9,AKAP10,DOCK10,HSPA5,RHOG,ME1,DGKH,PFN1,CALM3,VCPIP1,CASP3,GCA,PREP,S100A13,F5,LIPA,F2,LTA4H,XPNPEP1,KIF2A,GRB2,PPP4C,GNAI3,MMP14,USP14,LAP3,CTSB,USP8,APOBEC3G,PIK3CA,EHD1,RAF1,LRP1,CD55,TIMP1,CD46,CD59,LYN,PSMB9,FDX1,ERAP2,LGMN,STX4,CTSC,GMFB,PSEN1,CASP4,USP15,DOCK4,SH2B3,SERPINA1,ATOX1,MAFF,RABIF,KYNU,FN1,CTSS"
HALLMARK_GLYCOLYSIS,-0.24022834893653086,-0.9946101061867126,0.48484848484848486,0.7653174076531741,200,136,"AKR1A1,IGFBP3,TPBG,VLDLR,SDC1,ALDH7A1,G6PD,GFUS,IRS2,AK3,PHKA2,PFKP,SRD5A3,GLRX,PLOD2,PRPS1,PLOD1,GFPT1,GALK1,P4HA2,NSDHL,TGFBI,CACNA1H,PGM2,MPI,AGL,CHPF,CDK1,ALDH9A1,IDH1,EGFR,PPP2CB,PGAM1,AURKA,GCLC,EXT2,GNE,MDH1,GPC1,PDK3,HSPA5,ME1,GYS1,VCAN,GOT1,GNPDA1,SLC25A13,AGRN,ENO2,PMM2,RPE,SLC35A3,EXT1,PC,SLC16A3,SLC37A4,MED24,HS2ST1,IDUA,POLR3K,ABCB6,XYLT2,GAL3ST1,P4HA1,B3GAT3,GALE,COG2,CTH,B4GALT1,ALDOA,TXN,GUSB,MDH2,STMN1,SLC25A10,PGK1,CHPF2,TPST1,MIF,B4GALT7,LDHA,PYGB,ENO1,BPNT1,KIF2A,UGP2,PKM,STC2,HDLBP,ECD,GOT2,HAX1,ME2,DLD,AK4,ALG1,KIF20A,PPIA,PSMC4,SOD1,NASP,ARPP19,ERO1A,RARS1,COPB2,CASP6,RBCK1,GMPPB,PGLS,GALK2,KDELR3,MET,SAP30,FUT8,HK2,ANKZF1,HMMR,TALDO1,GMPPA,NDUFV3,QSOX1,PYGL,CD44,NOL3,FKBP4,CLN6,B3GALT6,B4GALT2,TPI1,B4GALT4,NANP,CAPN5,GPC4,DPYSL4,NT5E,SDC2"
HALLMARK_TNFA_SIGNALING_VIA_NFKB,0.31095396335169145,1.0981022169687087,0.26153846153846155,0.7793454647387231,200,85,"CDKN1A,B4GALT5,NFIL3,TNFAIP3,INHBA,F3,RCAN1,PLEK,JAG1,SMAD3,SOD2,ABCA1,IRS2,IFIH1,BTG3,SERPINE1,TAP1,BIRC2,PLAUR,PANX1,SERPINB8,CEBPB,SLC2A3,TNFRSF9,CCN1,PMEPA1,LDLR,PTPRE,FOSL2,LAMB3,NFAT5,RELA,NFKB2,FOSL1,PDLIM5,NFKBIE,B4GALT1,RIPK2,CFLAR,SQSTM1,TNIP2,TRIP10,TNIP1,RELB,LITAF,YRDC,NFKB1,JUNB,CCND1,PFKFB3,EHD1,DNAJB4,REL,JUN,SLC2A6,SPHK1,ICAM1,TUBB2A,ZBTB10,TANK,MAP2K3,PTX3,PHLDA2,NAMPT,MARCKS,EIF1,IL6ST,TNFAIP8,TNFAIP2,BHLHE40,NFE2L2,CD44,SDC4,KLF10,BCL3,RIGI,MAFF,GFPT2,ATP2B1,KYNU,TRAF1,HES1,PLK2,PLAU,IL18"
HALLMARK_INTERFERON_GAMMA_RESPONSE,0.31088627446168965,1.1325155316848965,0.2714285714285714,0.7925903431521409,200,96,"CDKN1A,DHX58,TNFAIP3,DDX60,TRIM14,UBE2L6,TXNIP,SOD2,TNFSF10,CASP7,PTPN6,PFKP,IFIH1,OGFR,IFITM2,LGALS3BP,STAT1,FAS,TAP1,HLA-B,STAT2,HELZ2,TRIM25,IFI35,BPGM,OAS3,CD274,ISG15,NCOA3,TRIM26,RNF213,PSME1,CASP3,PSMB8,RAPGEF6,CMTR1,VAMP5,SAMHD1,ADAR,MYD88,PML,TOR1B,RIPK2,ISOC1,PTPN1,STAT3,MTHFD2,PSME2,TRIM21,NUP93,NMI,ZNFX1,NFKB1,PSMA3,EIF2AK2,LAP3,MVP,IFIT1,SRI,SP110,RIPK1,CD40,SPPL2A,TDRD7,PSMB2,ICAM1,CASP8,HLA-A,PARP14,RBCK1,PARP12,TAPBP,PSMA2,BST2,PSMB9,NAMPT,PTPN2,PNPT1,IRF5,NOD1,IFIT3,PNP,CASP4,TNFAIP2,IRF9,TRAFD1,VAMP8,UPP1,B2M,MT2A,RIGI,VCAM1,WARS1,PSMB10,IFI44,IFI30"
HALLMARK_SPERMATOGENESIS,0.3722482573393735,1.1861227688722675,0.20270270270270271,0.8054585484360766,135,46,"ACRBP,HSPA2,MAP7,MLF1,LPIN1,CDK1,PSMG1,DBF4,PRKAR2A,STRBP,BRAF,AURKA,PHKG2,TSN,VDAC3,CAMK4,SIRT1,RFC4,AGFG1,NF2,KIF2C,STAM2,MTOR,PEBP1,PARP2,ZPBP,CSNK2A2,HSPA4L,TOPBP1,COIL,SLC12A2,IDE,BUB1,CCNB2,TLE4,NCAPH,EZH2,IP6K1,PGK2,ZC3H14,PIAS2,CDKN3,TTK,TALDO1,CLPB,GSTM3"
HALLMARK_UV_RESPONSE_UP,0.23515833137503175,0.8340049364246364,0.7534246575342466,0.8084891705768834,158,94,"MAOA,CA2,HSPA2,STARD3,SOD2,TMBIM6,POLG2,ALAS1,BTG3,KLHDC3,CTSV,PPT1,PTPRD,GLS,GGH,MGAT1,ASNS,TAP1,DGAT1,PRKCD,AGO2,RXRB,PPAT,NUP58,TGFBRAP1,E2F5,RASGRP1,HMOX1,HSPA13,CYB5B,ENO2,RFC4,CASP3,DNAJB1,POLR2H,MARK2,ATP6V1C1,FEN1,EIF2S3,COL2A1,ALDOA,SQSTM1,TARS1,AP2S1,PARP2,H2AX,RAB27A,RPN1,PPIF,PRPF3,CYB5R1,GRPEL1,JUNB,YKT6,CNP,BAK1,MMP14,HNRNPU,CDC5L,DNAJA1,STK25,NXF1,TUBA4A,WIZ,ICAM1,EPHX1,BID,LYN,RRAD,PSMC3,SIGMAR1,UROD,ABCB1,IL6ST,ACAA1,CDK2,STIP1,DDX21,SPR,PPP1R2,POLE3,ATP6V1F,TFRC,EIF5,AMD1,CLTB,FKBP4,PDAP1,PRKACA,CDC34,BSG,SLC25A4,TST,EPCAM"
HALLMARK_MITOTIC_SPINDLE,0.2218593680982951,0.8484258252478329,0.6933333333333334,0.8097175827512907,199,169,"APC,ARAP3,HDAC6,SOS1,CTTN,MID1,OPHN1,FARP1,RHOF,MAP1S,ITSN1,RABGAP1,CEP72,ATG4B,TSC1,KIF22,LLGL1,SEPTIN9,FLNA,RASA2,ARHGEF7,PKD2,TUBGCP5,KIF1B,ABL1,TUBGCP2,CEP131,ABR,CEP192,PCNT,CCDC88A,TBCD,CDK1,ARHGAP27,ARHGDIA,KIF3B,WASF2,TRIO,DOCK2,HOOK3,TAOK2,CLASP1,MYO1E,TUBGCP3,ALS2,ARFIP2,CDC42BPA,SHROOM1,MAPRE1,AURKA,NUSAP1,ROCK1,STAU1,PCM1,LMNB1,VCL,KIF4A,MYH9,MYO9B,DST,EPB41L2,SYNPO,PLEKHG2,NF1,CDC42EP4,ARFGEF1,ECT2,KIF15,TOP2A,BCR,RAPGEF6,PAFAH1B1,SMC3,ARF6,NUMA1,WASL,RAB3GAP1,PDLIM5,KIF2C,ARHGAP5,CKAP5,ARHGEF2,SMC1A,RANBP9,INCENP,RICTOR,CD2AP,CAPZB,KIFAP3,EZR,GEMIN4,KIF11,KIF5B,SASS6,KNTC1,CENPF,ACTN4,NDC80,FLNB,CDC42,YWHAE,RALBP1,FSCN1,CENPE,AKAP13,KIF20B,SMC4,ALMS1,TUBGCP6,DYNC1H1,TPX2,CDC27,RFC1,PRC1,NCK2,DLG1,RASAL2,SUN2,CDK5RAP2,LRPPRC,BRCA2,ESPL1,BUB1,CCNB2,NCK1,TUBA4A,ARHGAP29,ABI1,ARHGEF11,KLC1,FGD4,PXN,SPTBN1,SPTAN1,DLGAP5,GSN,CEP250,TLK1,MARCKS,PALLD,EPB41,CLIP2,RACGAP1,KATNB1,FBXO5,DYNLL2,BIN1,ANLN,TTK,ARL8A,BCAR1,PPP4R2,PLK1,UXT,KIF23,NOTCH2,CLIP1,CSNK1D,BIRC5,DOCK4,FGD6,RASA1,KATNA1,LATS1,ARHGEF12,STK38L,CDC42EP1,RHOT2,MYH10"
HALLMARK_KRAS_SIGNALING_UP,0.2821753264092477,0.9269348628593223,0.5967741935483871,0.8104691770422108,200,63,"CA2,TNFAIP3,INHBA,IGFBP3,JUP,MTMR10,MAP7,LCP1,ANKH,RABGAP1L,GLRX,DNMBP,ALDH1A3,SPP1,BTBD3,ADAM17,PLAUR,FUCA1,STRN,BPGM,DOCK2,ETS1,PRKG2,CBX8,TFPI,CROT,GALNT3,HKDC1,PSMB8,PLEK2,PTCD2,ZNF277,AKT2,PDCD1LG2,CBL,EVI5,EPHB2,YRDC,ITGA2,DCBLD2,FBXO4,WDR33,USP12,TOR1AIP2,ERO1A,F13A1,RBM4,AKAP12,CAB39L,AMMECR1,SCN1B,AVL9,ABCB1,PRELID3B,MAP3K1,ZNF639,TSPAN13,GYPC,GFPT2,TRAF1,NRP1,PLAU,CTSS"
HALLMARK_MYOGENESIS,0.3159707870299926,1.1058714757860133,0.2923076923076923,0.8158973580321894,200,81,"CDKN1A,COL6A2,MYH7,ENO3,ADAM12,IGFBP3,MAPRE3,SORBS1,GAA,KIFC3,FHL1,SCD,TGFB1,NCAM1,NQO1,LPIN1,CACNA1H,SIRT2,MYO1C,TSC2,ACTN2,ACSL1,AGL,PLXNB2,COL4A2,FLII,ACTC1,ITGB1,RB1,ITGB5,SYNGR2,SVIL,MYH9,SH2B1,HSPB8,EIF4A2,AGRN,IGFBP7,FDPS,ABLIM1,PC,ATP6AP1,NAV2,PDLIM7,SORBS3,CRAT,PDE4DIP,AKT2,SPARC,MEF2D,MYL3,SMTN,STC2,APP,GABARAPL2,MYF6,PKIA,PFKM,TPM3,SPHK1,SPTAN1,GSN,FGF2,WWTR1,BIN1,ADCY9,MRAS,BHLHE40,MYLK,CNN3,AK1,NOTCH1,TEAD4,COL1A1,PRNP,IFRD1,MYL6B,DMD,TAGLN,TPD52L1,COL6A3"
HALLMARK_ADIPOGENESIS,0.22327392231509116,0.8539285663652713,0.8493150684931506,0.8296909850571221,200,142,"IFNGR1,ELOVL6,CDKN2C,COL4A1,C3,ACADS,SORBS1,CMBL,MGST3,ABCA1,DNAJB9,RAB34,STOM,ITSN1,COX8A,RIOK3,PEMT,CPT2,DBT,UQCRQ,DGAT1,ECHS1,ACOX1,BCL2L13,GPX4,PPM1B,GPD2,IDH1,SQOR,NDUFA5,PHYH,UQCR10,GPAT4,ETFB,BCKDHA,AIFM1,ACO2,DNAJC15,NDUFS3,COQ5,PTCD3,SUCLG1,ACAA2,PFKL,ECH1,PREB,ME1,HSPB8,DECR1,PLIN2,UQCRC1,SLC5A6,IMMT,MAP4K3,HIBCH,ARAF,PDCD4,PRDX3,IDH3A,DHCR7,SAMM50,SDHB,GBE1,ATP5PO,ALDH2,GPAM,IDH3G,QDPR,ACLY,JAGN1,CRAT,ALDOA,MTCH2,MDH2,SLC25A10,CAVIN1,TKT,PHLDB1,CHUK,REEP5,COQ9,SLC19A1,MCCC1,SLC25A1,UCK1,NMT1,MRPL15,GRPEL1,ATL2,LPCAT3,RMDN3,CD151,RTN3,DLAT,POR,ACADM,SCP2,COQ3,PFKFB3,LIFR,SLC1A5,PEX14,DLD,MGLL,DHRS7,RREB1,SOD1,CYC1,BAZ2A,YWHAG,TANK,CAT,G3BP2,GPHN,UBQLN1,SOWAHC,GHITM,FAH,NDUFB7,CS,DDT,NKIRAS1,CMPK1,TALDO1,PGM1,COX7B,ABCB8,DHRS7B,RETSAT,MYLK,RNF11,HADH,AK2,MIGA2,ESYT1,SCARB1,APLP2,NABP1,ATP1B3,TST,AGPAT3,NDUFAB1"
HALLMARK_APICAL_JUNCTION,0.24685506423543035,0.907030638673191,0.6666666666666666,0.8345703006377163,200,102,"ARHGEF6,CLDN4,IRS1,JUP,LIMA1,RHOF,LAMA3,ITGA3,ADAM9,TSC1,MVD,RSU1,RRAS,TGFBI,ACTN2,VAV2,AKT3,ACTC1,TAOK2,INPPL1,EGFR,LDLRAP1,SRC,CD274,LAMC2,ITGB1,PARD6G,GNAI2,CNN2,THBS3,VCL,GTF2F1,MYH9,CD99,EPB41L2,VCAN,TJP1,PFN1,NF1,LAMB3,PARVA,ADAM15,ACTB,CAP1,TIAL1,ACTN1,MAP3K20,TUBG1,NF2,EXOC4,WASL,PLCG1,PTK2,SORBS3,CRAT,B4GALT1,VASP,PIK3CB,ZYX,AKT2,CTNNA1,SHC1,TSPAN4,NEXN,MYL9,MSN,ACTN4,BAIAP2,FSCN1,MAPK14,ITGA2,RAC2,NECTIN2,DLG1,CDH4,NECTIN3,CTNND1,IKBKG,DHX16,PALS1,MYL12B,SIRPA,MPZL1,HRAS,FBN1,ICAM1,SYMPK,NEGR1,GAMT,ARPC2,CDK8,GNAI1,STX4,FLNC,CD276,YWHAH,RASA1,HADH,VCAM1,AMIGO2,TRAF1,MYH10"
HALLMARK_INTERFERON_ALPHA_RESPONSE,0.2629251047976434,0.8750197225089459,0.7258064516129032,0.8469818132739481,97,55,"DHX58,DDX60,TRIM14,UBE2L6,TXNIP,IFIH1,OGFR,IFITM2,LGALS3BP,TRIM5,TAP1,STAT2,HELZ2,TRIM25,IFI35,NCOA7,PROCR,ISG15,SAMD9,TRIM26,PSME1,PSMB8,CMTR1,HLA-C,ADAR,RIPK2,PSME2,TRIM21,NMI,UBA7,PSMA3,CNP,EIF2AK2,LAP3,SP110,MVB12A,TDRD7,CASP8,PARP14,CD47,PARP12,NUB1,MOV10,BST2,PSMB9,PNPT1,IFIT3,PARP9,IRF9,ELF1,TRAFD1,B2M,WARS1,IFI44,IFI30"
HALLMARK_BILE_ACID_METABOLISM,0.3636236525285135,1.13885435490402,0.2571428571428571,0.8508047373215912,112,51,"ALDH1A1,FDXR,ABCD1,ALDH8A1,RXRA,PECR,ABCA1,PNPLA8,ATXN1,HSD17B4,ACSL1,ALDH9A1,PEX13,GSTK1,PXMP2,IDH1,AMACR,PHYH,MLYCD,NPC1,GNPAT,HSD17B11,CROT,SLC29A1,PRDX5,GC,ISOC1,IDI1,ABCD3,PEX1,SCP2,SLC35B2,SLC22A18,SOD1,OPTN,PFKM,NEDD4,HACL1,IDH2,CAT,FADS2,GCLM,FADS1,PEX26,PEX6,BCAR3,RETSAT,DHCR24,PEX19,PEX16,LONP2"
HALLMARK_WNT_BETA_CATENIN_SIGNALING,0.34630385565516275,0.8859176969188435,0.6666666666666666,0.8525777289822234,42,21,"PPARD,JAG1,CSNK1E,MAML1,ADAM17,NCOR2,NCSTN,CTNNB1,HDAC11,SKP2,DVL2,TP53,KAT2A,HDAC2,CUL1,FZD1,RBPJ,NUMB,GNAI1,AXIN1,NOTCH1"
HALLMARK_TGF_BETA_SIGNALING,0.28580184698597344,0.856945033247486,0.7843137254901961,0.8543121773458853,54,31,"APC,SMAD3,MAP3K7,TGFB1,ARID4B,SERPINE1,THBS1,HDAC1,NCOR2,PMEPA1,RHOA,TJP1,XIAP,PPP1CA,CTNNB1,SMURF2,ACVR1,FNTA,JUNB,ID3,SPTBN1,TRIM33,PPM1A,CDK9,WWTR1,TGFBR1,BCAR3,ID1,FKBP1A,KLF10,SLC20A1"
HALLMARK_XENOBIOTIC_METABOLISM,0.39937627014029575,1.4648844115033832,0.0,0.8718493774673549,200,102,"ITIH4,PMM1,MAOA,SLC35D1,CYFIP2,CA2,BLVRB,ENPEP,PPARD,JUP,DDAH2,TMBIM6,VTN,UGDH,ALAS1,ETFDH,NQO1,LPIN2,SERPINE1,PEMT,PAPSS2,FAS,ABCC3,ACOX1,ALDH9A1,MCCC2,PYCR1,IDH1,NPC1,KARS1,ACO2,SLC6A6,GCLC,SSR3,ELOVL5,HMOX1,ECH1,PGD,CROT,CBR1,NFS1,GSR,ADH5,SAR1B,PC,SLC12A4,GART,PDLIM5,ALDH2,LONP1,GSTO1,MTHFD1,DCXR,TMEM97,MARCHF6,TKFC,CNDP2,TPST1,EPHA2,NMT1,BPHL,ACOX3,HRG,ACP1,POR,ATP2A2,PTGR1,DHPS,ASL,GSS,SLC1A5,BCAT1,AHCY,PGRMC1,DHRS7,ARPP19,EPHX1,CASP6,COMT,HACL1,PDK4,FBLN1,CAT,FAH,PTGES3,DDT,BCAR1,SPINT2,RETSAT,HGFAC,HPRT1,UPP1,TGFB2,PTS,ACP2,GSTM4,MT2A,AP4B1,MAN1A1,PSMB10,KYNU,SHMT2"
HALLMARK_UNFOLDED_PROTEIN_RESPONSE,-0.20822339519827074,-0.8080535926887495,1.0,0.8908427339084274,113,95,"EXOSC1,DNAJB9,SPCS3,EXOSC5,SLC30A5,SRPRA,ASNS,NFYB,CEBPB,DNAJC3,LSM1,EIF4E,HSPA9,SEC11A,EDC4,ARFGAP1,DCTN1,BAG3,GOSR2,HSPA5,PREB,DCP1A,ATF6,PARN,EXOC2,NHP2,EIF4A2,SKIC3,EIF2AK3,WFS1,RRP9,ALDH18A1,PDIA6,FUS,PAIP1,HYOU1,TARS1,CALR,MTHFD2,GEMIN4,KIF5B,SHC1,CNOT2,EXOSC10,EXOSC2,CXXC1,HSP90B1,H2AX,RPS14,SLC7A5,YIF1A,SPCS1,EIF4G1,STC2,SDAD1,DKC1,KHSRP,MTREX,PSAT1,IARS1,EIF4A3,IMP3,IFIT1,ATP6V0D1,PDIA5,YWHAZ,EEF2,ERO1A,EIF4A1,EXOSC4,TUBB2A,NPM1,XPOT,SRPRB,DCP2,NOP56,KDELR3,SEC31A,BANF1,DDX10,TATDN2,EIF2S1,CNOT4,SSR1,EXOSC9,NOP14,LSM4,SLC1A4,NOLC1,HERPUD1,EIF4EBP1,CKS1B,FKBP14,NABP1,CNOT6"
HALLMARK_NOTCH_SIGNALING,0.5105296774688379,1.1899009145137722,0.32,0.8947551082382543,32,18,"ARRB1,FZD5,RBX1,PPARD,JAG1,FBXW11,DTX2,PRKCA,KAT2A,CCND1,CUL1,FZD1,SAP30,APH1A,NOTCH2,NOTCH1,SKP1,HES1"
HALLMARK_P53_PATHWAY,0.3213483589730911,1.1471855078202235,0.2222222222222222,0.8974592570098189,200,100,"CDKN1A,PHLDA3,PMM1,FDXR,SLC35D1,CYFIP2,ADA,RXRA,TXNIP,SDC1,SLC7A11,SFN,TGFB1,STOM,CTSD,PITPNC1,NDRG1,FAS,GM2A,TAP1,ERCC5,FUCA1,PLXNB2,WWP1,DDB2,RHBDF2,ELP1,EPS8L2,COQ8A,PROCR,POLH,BAX,RPL18,RB1,PTPRE,HMOX1,APAF1,INHBB,CD81,IRAK1,WRAP73,ZFP36L1,H1-2,DCXR,TP53,EI24,SLC3A2,HDAC3,DNTTIP2,EPHA2,BAIAP2,POM121,PCNA,PTPN14,RACK1,APP,BAK1,HSPA4L,RRP8,ISCU,STEAP3,NOL8,KIF13B,JUN,HRAS,SPHK1,EPHX1,PRKAB1,XPC,H2AC25,S100A10,SP1,RRAD,HEXIM1,TPRKB,CD82,RPL36,CCNK,RCHY1,RPS12,CDKN2AIP,TRAFD1,RETSAT,VAMP8,UPP1,NUDT15,MAPKAPK3,LDHB,TAX1BP3,SEC61A1,HINT1,FOXO3,TRIAP1,IP6K2,RAP2B,AK1,NOTCH1,PLK2,TPD52L1,IFI30"
HALLMARK_PROTEIN_SECRETION,0.2245229919922067,0.7590548742574761,0.9027777777777778,0.9044184634072275,96,85,"SNX2,AP3B1,ABCA1,RAB9A,CLN5,GLA,PPT1,VAMP7,KIF1B,STX12,GNAS,LAMP2,GBF1,OCRL,RAB22A,CLCN3,STX16,ATP7A,EGFR,AP2B1,MON2,USO1,VPS4B,AP1G1,TSG101,SCAMP1,GOSR2,STX7,LMAN1,DST,TMED10,VPS45,ARFGEF1,RPS6KA3,ARCN1,AP2M1,COPE,ARFGEF2,SCRN1,SNAP23,COG2,CAV2,AP2S1,ARFIP1,SCAMP3,CLTC,RER1,RAB14,ADAM10,SEC22B,IGF2R,YKT6,TPD52,ERGIC3,COPB1,ATP6V1H,AP3S1,RAB5A,DNM1L,TOM1L1,TMX1,M6PR,CD63,MAPK1,KRT18,SOD1,NAPA,COPB2,SEC24D,YIPF6,RAB2A,STAM,ZW10,TMED2,SEC31A,NAPG,SGMS1,CLTA,CTSC,VAMP3,ARFGAP3,ATP1A1,GOLGA4,ANP32E,BET1"
HALLMARK_REACTIVE_OXYGEN_SPECIES_PATHWAY,0.24393193922470405,0.7312798522612663,0.8412698412698413,0.9088976617066504,49,41,"SOD2,NDUFA6,FES,G6PD,NQO1,PFKP,GLRX,FTL,GPX4,GCLC,TXNRD2,PRDX4,ERCC2,GSR,PTPA,TXN,JUNB,TXNRD1,LAMTOR5,NDUFB4,SCAF4,HMOX2,STK25,NDUFS2,PDLIM1,SOD1,SRXN1,SELENOS,CAT,GCLM,PRDX1,MBP,MSRA,ABCC1,SBNO2,MGST1,OXSR1,PRDX2,ATOX1,PRDX6,PRNP"
HALLMARK_PEROXISOME,-0.22631919449561613,-0.8645428687709593,0.7777777777777778,0.9148971466489715,104,72,"ALDH1A1,CNBP,ABCD1,SOD2,CDK7,ATXN1,SLC25A17,HSD17B4,ACSL1,ACOT8,ACOX1,ALDH9A1,SIAH1,PEX13,GSTK1,ALB,IDH1,MLYCD,GNPAT,HSD17B11,VPS4B,ELOVL5,ERCC3,ECH1,MSH2,PRDX5,FDPS,TOP2A,HMGCL,EHHADH,ERCC1,CRAT,CTBP1,SEMA3C,PEX11B,ISOC1,ACSL4,NUDT19,CADM1,IDI1,ABCD3,SCP2,MVP,SLC35B2,PEX14,IDE,HRAS,SOD1,PABPC1,CTPS1,BCL10,IDH2,CAT,PRDX1,FADS1,ABCB1,ACAA1,RDH11,PEX6,PEX5,TSPO,ECI2,YWHAH,RETSAT,SMARCC1,CLN6,FIS1,DHCR24,SLC25A4,LONP2,ITGB1BP1,CRABP2"
HALLMARK_OXIDATIVE_PHOSPHORYLATION,-0.18657127749266336,-0.8303884185480512,0.9411764705882353,0.915726609157266,200,184,"ATP6V0C,ATP1B1,NDUFA6,MGST3,CASP7,ALAS1,ETFDH,SLC25A11,COX8A,COX11,SUCLA2,ALDH6A1,ACADSB,UQCRQ,HADHA,NDUFA4,RHOT1,COX7C,ECHS1,GLUD1,GPX4,OGDH,IDH1,NDUFA5,PHYH,NDUFC1,UQCR10,MRPS12,ETFB,TCIRG1,BCKDHA,HSPA9,AIFM1,ACO2,CPT1A,BAX,ATP5MG,NDUFS3,ATP5MF,HADHB,NDUFV2,SLC25A12,VDAC3,VDAC1,UQCRC2,COX7A2,MDH1,PDP1,ATP5PB,SUCLG1,ACAA2,ECH1,SLC25A6,AFG3L2,NDUFB3,ATP5F1A,MRPS15,VDAC2,DECR1,UQCRC1,SDHA,ACAT1,IMMT,PDHX,PRDX3,IDH3A,NDUFS1,ATP5F1E,CYB5R3,ATP6V1C1,COX6C,NDUFA7,ATP6AP1,SDHB,ATP5PO,IDH3G,NDUFS4,MRPL11,HSD17B10,NQO2,ATP5F1B,NDUFS6,MDH2,ATP6V1D,MRPS11,LDHA,SUPV3L1,MFN2,NDUFB5,MRPS30,ACADVL,NDUFV1,NDUFC2,ETFA,MRPL35,NDUFS7,ATP5MC1,ATP5F1D,ATP5ME,OPA1,TIMM17A,OAT,MRPL15,GRPEL1,NDUFA2,DLAT,POR,ATP5F1C,ACADM,MTX2,PDHB,NDUFB1,COX7A2L,GOT2,ATP6V1H,NDUFB4,ATP5PD,PMPCA,LRPPRC,DLD,SLC25A20,ISCU,NDUFB8,PHB2,NDUFS2,DLST,TOMM70,IDH3B,NDUFB6,BDH2,COX4I1,NDUFA9,CYC1,PDHA1,ATP6V1E1,SLC25A5,UQCRFS1,MRPS22,HCCS,PDK4,IDH2,TIMM13,SDHD,ATP5PF,TIMM50,SURF1,GPI,SLC25A3,NDUFA3,FDX1,NDUFA8,MRPL34,COX15,TOMM22,MTRR,ACAA1,NDUFB7,COX6B1,CS,ECI1,FH,NDUFS8,FXN,OXA1L,UQCRB,COX7B,ATP6V1G1,ISCA1,UQCRH,RETSAT,CYCS,ATP6V1F,LDHB,NNT,COX5A,TIMM8B,TIMM9,TIMM10,COX5B,SLC25A4,RHOT2,ABCB7,COX17,NDUFAB1"
HALLMARK_DNA_REPAIR,-0.176438937976622,-0.7147917529088929,0.967741935483871,0.9396151293961513,150,125,"ADA,NME3,NT5C,RBX1,ERCC8,AK3,SUPT4H1,RRM2B,POLD4,POLR1H,DGUOK,STX3,POLR2I,RAE1,POLD3,RNMT,ADRM1,ERCC5,POLB,BCAP31,POLE4,DCTN4,GPX4,DDB2,PRIM1,USP11,TAF6,POLH,TYMS,POLA1,POLR1C,NCBP2,ERCC3,ELL,TSG101,GTF2F1,ITPA,GTF2B,CSTF3,CANT1,RPA2,ERCC2,RFC4,APRT,POLR2H,ELOA,FEN1,ERCC1,TARBP2,SMAD5,ARL6IP1,POLR3C,RALA,GTF2H1,TP53,NFX1,LIG1,DDB1,SDCBP,NUDT21,POLR2A,EDF1,NELFB,POM121,PCNA,GMPR2,POLD1,RFC5,DAD1,UMPS,SUPT5H,POLR2C,RFC3,NELFE,RPA3,POLR1D,GSDME,POLR2G,DGCR8,NELFCD,POLR2K,REV3L,SRSF6,NT5C3A,TAF12,AAAS,VPS37B,GTF2H3,TAF9,SF3A3,IMPDH2,POLA2,XPC,GTF3C5,POLR2E,MPC2,SURF1,RFC2,POLR2D,TMED2,SSRP1,VPS28,GTF2A2,GUK1,NUDT9,MRPL40,RAD51,CETN2,ZWINT,NME1,PNP,POLR2J,CLP1,ALYREF,TAF10,HPRT1,MPG,UPF3B,SEC61A1,AK1,ERCC4,DUT,SNAPC5,SNAPC4,COX17"
HALLMARK_PI3K_AKT_MTOR_SIGNALING,0.33295212204472413,1.19029411065408,0.2,1.0,105,70,"CDKN1A,NFKBIB,PIKFYVE,SFN,MAP3K7,AKT1,SLC2A1,MAPK8,TSC2,RPTOR,STAT2,TRAF2,PITX2,CDK1,ARHGDIA,RALB,EGFR,PDK1,CFL1,PRKAR2A,EIF4E,MAPK9,PRKAG1,ECSIT,DUSP3,CAMK4,RAC1,PFN1,RPS6KA3,PPP1CA,SMAD2,AP2M1,PLCG1,GSK3B,MYD88,SQSTM1,CALR,ACTR3,PTPN11,HSP90B1,ACACA,CLTC,PIN1,YWHAB,CSNK2B,GRB2,PAK4,TBK1,MAPKAP1,RAF1,NCK1,ITPR2,RIPK1,MAPK1,HRAS,ACTR2,ARPC3,MAP2K3,CAB39L,RPS6KA1,CDK2,CAB39,NOD1,CDK4,PPP2R1B,IRAK4,AKT1S1,GRK2,MKNK1,UBE2N"
HALLMARK_CHOLESTEROL_HOMEOSTASIS,0.41578921504690963,1.3095172801072055,0.125,1.0,74,47,"NFIL3,FBXO6,ETHE1,JAG1,LGALS3,SCD,ACSS2,CPEB2,PCYT2,MVD,NSDHL,STX5,MVK,PLAUR,HMGCS1,ANXA5,LDLR,PDK3,ECH1,ATXN2,FDPS,ALDOC,DHCR7,FASN,CTNNB1,ANTXR2,TMEM97,GUSB,IDI1,TNFRSF12A,ERRFI1,CYP51A1,ACAT2,SC5D,LSS,FDFT1,PMVK,ALCAM,GPX8,FADS2,NIBAN1,SQLE,LGMN,GNAI1,FABP5,S100A11,HSD17B7"
HALLMARK_HEME_METABOLISM,0.3754229912342608,1.3594792485462204,0.015384615384615385,1.0,200,105,"MBOAT2,CA2,PIGQ,BLVRB,C3,MOSPD1,FECH,SLC7A11,MGST3,AGPAT4,UBAC1,SEC14L1,RANBP10,ENDOD1,LPIN2,KLF3,KHNYN,MKRN1,RIOK3,DCAF10,XPO7,NR3C1,PPOX,PICALM,NEK7,ALDH6A1,SLC2A1,P4HA2,MARK3,ASNS,LAMP2,BPGM,CLCN3,SLC30A1,MPP1,FBXO9,BLVRA,ALAD,GCLC,TNS1,DCAF11,ATP6V0A1,PC,UROS,ABCB6,CPOX,HAGH,TCEA1,ADD1,MOCOS,NCOA4,SDCBP,YPEL5,RCL1,FOXJ2,NUDT4,MFHAS1,CDC27,FBXO7,CTSB,TOP1,TNRC6B,HTATIP2,HMBS,ARL2BP,CAST,BACH1,RAD23A,HBD,OPTN,CIR1,GMPS,GAPVD1,RNF123,DCUN1D1,NARF,BMP2K,MAP2K3,PGLS,CAT,RBM5,GCLM,HDGF,MINPP1,HEBP1,BNIP3L,EPB41,UROD,VEZF1,DMTN,GLRX5,PSMD9,ISCA1,GDE1,SLC11A2,TFRC,USP15,PRDX2,NNT,FOXO3,GYPC,ARHGEF12,BSG,CDR2,CCDC28A"
HALLMARK_APOPTOSIS,0.3621939159977278,1.2547179155140784,0.1076923076923077,1.0,161,91,"CDKN1A,RARA,IFNGR1,FDXR,MGMT,GNA15,TXNIP,SOD2,TNFSF10,LGALS3,WEE1,CASP7,ANKH,GPX1,BTG3,PAK1,PPT1,TIMP2,FAS,TAP1,BCAP31,HSPB1,DIABLO,GPX4,MADD,DNAJC3,CAV1,BAX,PPP3R1,ROCK1,CASP9,HMOX1,VDAC2,ENO2,RELA,TOP2A,XIAP,CASP3,PDCD4,GSR,CTNNB1,PTK2,PEA15,CTH,CFLAR,ADD1,SQSTM1,DPYD,F2,LMNA,IGF2R,APP,TNFRSF12A,CCND1,DNM1L,DNAJA1,JUN,KRT18,DAP3,CDC25B,SOD1,TIMP1,CASP8,SC5D,BID,ERBB2,CASP6,SPTAN1,BCL10,GSN,RNASEL,CYLD,BRCA1,CASP2,CREBBP,BNIP3L,ANXA1,ETF1,DAP,CDK2,TSPO,PSEN1,DFFA,CASP4,RETSAT,CD44,TGFB2,SLC20A1,HMGB2,RHOT2,IL18"
HALLMARK_IL2_STAT5_SIGNALING,0.3552066504909363,1.196298423213994,0.2112676056338028,1.0,199,80,"PTH1R,IFNGR1,NFIL3,ENO3,CA2,ADAM19,ANXA4,COL6A1,TNFSF10,ITGA6,RABGAP1L,DCPS,ENPP1,GUCY1B1,LRRC8C,NDRG1,SPP1,MYO1C,PTRH2,SNX9,CYFIP1,CAPG,GPX4,CTSZ,SLC2A3,TNFRSF9,AMACR,IGF1R,PLEC,MYO1E,NCOA3,LCLAT1,SYNGR2,CD81,PLIN2,ODC1,SERPINB6,CASP3,P4HA1,GSTO1,TGM2,HUWE1,SNX14,SH3BGRL2,PUS1,AHNAK,IGF2R,RNH1,UMPS,ITGAV,POU2F1,PDCD2L,SLC1A5,TWSG1,IL3RA,AHCY,MAPKAPK2,EEF1AKMT1,CKAP4,CDCP1,ALCAM,GLIPR2,SWAP70,FAH,ABCB1,NOP2,HK2,PNP,BHLHE40,CD44,ECM1,NCS1,CDC42SE2,MAFF,UCK2,PRNP,TRAF1,NRP1,AHR,NT5E"
